productName,Google descriptions,process
Pyunkang Yul Cleansing Foam," A gentle but mighty cleansing foam made with ledebouriella seseloides extract that delivers highly effective cleansing with lots of delightful bubbles. The stretchy consistency of Pyunkang Cleansing Foam adheres to dirt and oil trapped within pores and removes it, leaving skin feeling clean and fresh without drying. Elastic foam for a dreamy cleansing experience! The formula with a stretchy consistency absorbs skin waste and cleans it thoroughly. Viscous and stretchy cleansing foam that thoroughly absorbs waste and sebum, and cleans them away easily. Root extract helps to cleanse skin well, ... This cleansers lathers up into a rich foam that effectively rids the skin of dirt and sebum, deeply cleansing the pores while leaving the skin feeling soft, ... A gentle but mighty cleansing foam made with ledebouriella seseloides extract that deliver highly effective cleansing with lots of delightful bubbles. The ...",Success
Chacott for Professionals Cleansing Water," *Hypoallergenic Cleansing. *Oil-free, fragrance-free, Colorant-free, Paraben-free and Alcohol-free. *Gentle to the eyelashes. *Remove easily with Cotton Patting Puff. It is a non-additive / low stimulant formulated makeup remover that cleanses skin gently, even the area around the eyes. - Suitable for all skin types and ages. A soap-free cleansing water that effectively removes makeup while cleansing and toning the skin. Using RO water of nanotechnology, the filtration system ... Chacott Professional Cleansing Water is designed for backstage use with its impressive cleaning power. It is a non-additive / low stimulant formulated ... Chacott Cleansing Water is a multifunctional item that has functions of makeup remover, face wash, and lotion. Its formula is gentle to your skin and eyes.",Success
The Auragins Skin Rescue Brightening Gel Cream ," Hydrate your skin with The Auragins Gel Cream. This lightweight gel-cream is infused with Lime Pearl which helps to brighten and even out skin tone while working to combat the signs of aging. This lightweight gel-cream is infused with Lime Pearl that helps to brighten and even out skin tone while working to combat the signs of aging. Skin Rescue Brightening Gel Cream with an innovative formula nourishes and instantly hydrates the Skin, leaving it hydrated for 24 hours, shiny and radiant. Skin Rescue Brightening Gel Cream with an innovative formula nourishes and instantly hydrates the Skin, leaving it hydrated for 24 hours, shiny and radiant. Gel dưỡng ẩm ngừa mụn, giảm thâm The Auragins Skin Rescue Brightening Gel Cream 100ml | Lixibox. Sự ra đời của thương hiệu the Auragins xuất phát từ niềm mong ...",Success
The Auragins Skin Rescue Brightening Gel Cream ," Hydrate your skin with The Auragins Gel Cream. This lightweight gel-cream is infused with Lime Pearl which helps to brighten and even out skin tone while working to combat the signs of aging. This lightweight gel-cream is infused with Lime Pearl that helps to brighten and even out skin tone while working to combat the signs of aging. Skin Rescue Brightening Gel Cream with an innovative formula nourishes and instantly hydrates the Skin, leaving it hydrated for 24 hours, shiny and radiant. Skin Rescue Brightening Gel Cream with an innovative formula nourishes and instantly hydrates the Skin, leaving it hydrated for 24 hours, shiny and radiant. Gel dưỡng ẩm ngừa mụn, giảm thâm The Auragins Skin Rescue Brightening Gel Cream 100ml | Lixibox. Sự ra đời của thương hiệu the Auragins xuất phát từ niềm mong ...",Success
The Auragins Acne Rescue Patch," The Auragins Acne Rescue Patch has the ability to absorb pus and excess oil from the inflamed area around the acne, aiding in the quick drying of pimple heads. Acne Rescue Patch. Acne Rescue Patch. Shop Now. $10.00. Facial Massaging Roller. Facial Massaging Roller. Shop Now. The Auragins Acne Rescue Patch Miếng Dán Mụn The Auragins Acne Rescue Patch ... AVJONE Acne Patch is a hydrocolloid sticker that improves the look of pimples overnight without the popping. · Results in 6-8 Hours: Absorbs pimple gunk thanks ... Box 3 Miếng Dán Mụn The Auragins Acne Rescue Patch ... Miếng dán mụn The Auragins Acne Rescue Patch có ... product image slider item. 1 / 1. SALE SHOCK. Box 3 ...",Success
The Auragins Sulcharia Deep Pore Clarifying Clay Mask," The Auragins Sulcharia Deep Pore Clarifying Clay Mask comes to the rescue. This clay mask can effectively clean away excess oil deep within your pores while gently exfoliating dead skin cells, giving you a natural shine. Top K Beauty Sulcharia Deep Pore Clarifying Clay Mask from The Auragins! Check beauty product reviews, ratings, and attributes to address your skin concerns ... Made in Korea Brand: The Auragins Capacity: 9ml Hsd: 3 Years from date of manufacture Oily, dirt deep inside the pores clog, dull skin? The Auragins Sulcharia Deep Pore Clarifying Clay Mask comes to the rescue. This clay mask can effectively clean away excess oil deep within your pores while ... The Auragins. Mặt Nạ Đất Sét Loại Bỏ Dầu Nhờn Làm Sạch Sâu Giảm Mụn The Auragins Sulcharia Deep Pore Clarifying Clay Mask 80ml [HSD: 11.2024]. 71 đánh giá. |.",Success
The Auragins Oil Balancing Gel Cleanser," The Auragins Oil Balancing Gel Cleanser is a powerful yet nourishing facial cleanser that takes away impurities and toxins from your skin. The Auragins Oil Balancing Gel Cleanser gentle with suitable pH 6 helps balance moisture in the skin, Tea Tree and Centella Asiatica are perfect for acne-prone ... The cleanser has a transparent gel texture that gently cleans dirt, excess oil, and makeup residue but does not dry the skin. Melaleuca helps deep clean ... Gel Rửa Mặt Làm Sạch Sâu Cho Da Dầu Mụn - The Auragins Oil Balancing Gel Cleanser · Menu. product image slider item. 1 / 10. The Auragins. Gel rửa mặt làm sạch sâu cho da dầu mụn The Auragins Oil Balancing Gel Cleanser 150ml.",Success
The Auragins Oil Balancing Gel Cleanser," The Auragins Oil Balancing Gel Cleanser is a powerful yet nourishing facial cleanser that takes away impurities and toxins from your skin. The Auragins Oil Balancing Gel Cleanser gentle with suitable pH 6 helps balance moisture in the skin, Tea Tree and Centella Asiatica are perfect for acne-prone ... The cleanser has a transparent gel texture that gently cleans dirt, excess oil, and makeup residue but does not dry the skin. Melaleuca helps deep clean ... Gel Rửa Mặt Làm Sạch Sâu Cho Da Dầu Mụn - The Auragins Oil Balancing Gel Cleanser · Menu. product image slider item. 1 / 10. The Auragins. Gel rửa mặt làm sạch sâu cho da dầu mụn The Auragins Oil Balancing Gel Cleanser 150ml.",Success
The Auragins Glow Complexion Serum 14% Vitamin C + 6 Berries ExtractsThe Auragins Glow Complexion Serum 14% Vitamin C + 6 Berries Extracts," The Auragins Glow Complexion Serum 14% Vitamin C is an essence extracted from 14% pure real vitamin C (Ascorbic Acid), which protects the skin from environmental factors, reduces wrinkles, sagging, and improves skin tone by reducing hyperpigmentation. Try The Auragins 7.5% AHA + 0.5% BHA Gentle Peeling Serum gently exfoliates to remove dead skin cells and unclog pores. After exfoliating, the skin will lose ... Tinh Chất The Auragins Glow Complexion Serum 14% Vitamin C + 6 Berries Extracts Sáng Da Giảm Thâm Nám 15ml | Lixibox. Sự ra đời của thương hiệu the Auragins xu ... Helps to reduce the appearance of pores. Improves uneven skin tone. Helps to reduce the look of spots and balance visible shine. Hyaluronic Acid Hyaluronic Acid ... A 5% Niacinamide-based serum that corrects dark spots and improves uneven skin tone. With the help of plant-derived Squalane, this serum retains moisture to ...",Success
The Auragins 10% Niacinamide + 1% Zinc Acne Clear Brightening Serum," A rare Australian native fruit with major sources of vitamin A & C and strong antioxidant properties that helps with uneven skin pigmentation ... This lightweight gel-cream is infused with Lime Pearl that helps to brighten and even out skin tone while working to combat the signs of aging. The Auragins Essence 10% Niacinamide + 1% Zinc Acne Clear ... Product texture: - - Light liquid, quickly ... Stock,Formulation. Description. The Auragins ... Product Description: Grown in Korea for 6 years before harvesting · Dosage Information: Serving Size: 3 tablets per serving · 100% ginseng. · Minimal processing. Skin Rescue Brightening Gel Cream with an innovative formula nourishes and instantly hydrates the Skin, leaving it hydrated for 24 hours, shiny and radiant.",Success
The Auragins 8% Vitamin B5 + Hyaluronic Acid Rehydrating Serum," A rare Australian native fruit with major sources of vitamin A & C and strong antioxidant properties that helps with uneven skin pigmentation ... This lightweight gel-cream is infused with Lime Pearl that helps to brighten and even out skin tone while working to combat the signs of aging. The Auragins Essence 10% Niacinamide + 1% Zinc Acne Clear ... Product texture: - - Light liquid, quickly ... Stock,Formulation. Description. The Auragins ... Product Description: Grown in Korea for 6 years before harvesting · Dosage Information: Serving Size: 3 tablets per serving · 100% ginseng. · Minimal processing. Skin Rescue Brightening Gel Cream with an innovative formula nourishes and instantly hydrates the Skin, leaving it hydrated for 24 hours, shiny and radiant.",Success
The Auragins 7.5% AHA + 0.5% BHA Gentle Peeling Serum," A rare Australian native fruit with major sources of vitamin A & C and strong antioxidant properties that helps with uneven skin pigmentation ... This lightweight gel-cream is infused with Lime Pearl that helps to brighten and even out skin tone while working to combat the signs of aging. The Auragins Essence 10% Niacinamide + 1% Zinc Acne Clear ... Product texture: - - Light liquid, quickly ... Stock,Formulation. Description. The Auragins ... Product Description: Grown in Korea for 6 years before harvesting · Dosage Information: Serving Size: 3 tablets per serving · 100% ginseng. · Minimal processing. Skin Rescue Brightening Gel Cream with an innovative formula nourishes and instantly hydrates the Skin, leaving it hydrated for 24 hours, shiny and radiant.",Success
The Auragins Gentle Brightening Toner," The Auragins toner is uniquely formulated with the power duo AHA and PHA to be an effective yet gentle toner that stimulates skin regeneration. INGREDIENTS EXPLAINED The Auragins Gentle Brightening Toner · 1. Definition Niacinamide: Niacinamide, also known as Vitamin B3, is a water-soluble vitamin that ... The Auragins Oil Balancing Gel Cleanser gentle with suitable pH 6 helps balance moisture in the skin, Tea Tree and Centella Asiatica are perfect for acne-prone ... product image slider item. 1 / 12. The Auragins. Nước cân bằng sáng da, ngừa mụn AHA PHA The Auragins Gentle Brightening Toner 150ml. 226 ... The Auragins Nước hoa hồng Gentle Brightening Toner 150ml. Tình trạng: Còn hàng | Mã SKU: BL-00021547.",Success
The Auragins Gentle Brightening Toner," The Auragins toner is uniquely formulated with the power duo AHA and PHA to be an effective yet gentle toner that stimulates skin regeneration. INGREDIENTS EXPLAINED The Auragins Gentle Brightening Toner · 1. Definition Niacinamide: Niacinamide, also known as Vitamin B3, is a water-soluble vitamin that ... The Auragins Oil Balancing Gel Cleanser gentle with suitable pH 6 helps balance moisture in the skin, Tea Tree and Centella Asiatica are perfect for acne-prone ... product image slider item. 1 / 12. The Auragins. Nước cân bằng sáng da, ngừa mụn AHA PHA The Auragins Gentle Brightening Toner 150ml. 226 ... The Auragins Nước hoa hồng Gentle Brightening Toner 150ml. Tình trạng: Còn hàng | Mã SKU: BL-00021547.",Success
Channel SUBLIMAGE L'EXTRAIT DE NUIT," DESCRIPTION. SUBLIMAGE L'Extrait de Nuit is an exceptional serum that concentrates all the active fractions of Vanilla Planifolia, combined with Swertia extract ... DESCRIPTION. CHANEL has created an ultra-limited-edition case for the iconic SUBLIMAGE L'Extrait de Nuit serum. A collector's piece crafted by Lesage, a Maison ... SUBLIMAGE L'Extrait de Nuit is an exceptional serum that concentrates all the active fractions of Vanilla Planifolia, combined with Swertia extract and a ... SUBLIMAGE L'Extrait de Nuit is an exceptional serum that concentrates all the active fractions of Vanilla Planifolia, combined with Swertia extract and a ... DESCRIPTION. More powerful than ever, SUBLIMAGE L'Extrait is a serum that is ultra-concentrated with rejuvenating polyfractioned Vanilla Planifolia and ...",Success
Channel N°1 DE CHANEL REVITALIZING SERUM," Concentrated with red camellia extract, the N°1 DE CHANEL revitalizing serum has been shown to have long-term effects on skin's vitality and youthful glow. Concentrated with the revitalising properties of red camellia extract, this anti-aging serum prevents and corrects the appearance of the 5 signs of aging. PRODUCT. Concentrated with Red Camellia Extract, N°1 DE CHANEL REVITALIZING SERUM absorbs quickly into skin and helps protect against environmental aggressors, ... Concentrated with red camellia extract, the N°1 DE CHANEL revitalizing serum has been shown to have long-term effects on skin's vitality and provides a ... This velvety cream visibly smooths wrinkles and leaves the skin soft and radiant. It protects against external aggressors, for skin that radiates a youthful ...",Success
Channel N°1 DE CHANEL REVITALIZING SERUM," Concentrated with red camellia extract, the N°1 DE CHANEL revitalizing serum has been shown to have long-term effects on skin's vitality and youthful glow. Concentrated with the revitalising properties of red camellia extract, this anti-aging serum prevents and corrects the appearance of the 5 signs of aging. PRODUCT. Concentrated with Red Camellia Extract, N°1 DE CHANEL REVITALIZING SERUM absorbs quickly into skin and helps protect against environmental aggressors, ... Concentrated with red camellia extract, the N°1 DE CHANEL revitalizing serum has been shown to have long-term effects on skin's vitality and provides a ... This velvety cream visibly smooths wrinkles and leaves the skin soft and radiant. It protects against external aggressors, for skin that radiates a youthful ...",Success
Channel N°1 DE CHANEL REVITALIZING SERUM," Concentrated with red camellia extract, the N°1 DE CHANEL revitalizing serum has been shown to have long-term effects on skin's vitality and youthful glow. Concentrated with the revitalising properties of red camellia extract, this anti-aging serum prevents and corrects the appearance of the 5 signs of aging. PRODUCT. Concentrated with Red Camellia Extract, N°1 DE CHANEL REVITALIZING SERUM absorbs quickly into skin and helps protect against environmental aggressors, ... Concentrated with red camellia extract, the N°1 DE CHANEL revitalizing serum has been shown to have long-term effects on skin's vitality and provides a ... This velvety cream visibly smooths wrinkles and leaves the skin soft and radiant. It protects against external aggressors, for skin that radiates a youthful ...",Success
Channel LE LIFT PRO CRÈME VOLUME," The second step of the skincare protocol, LE LIFT PRO Crème Volume, features a soft, silky texture. It unites melipona enzymatic ingredient and a natural collagen booster in order to plump the skin, smooth deep wrinkles, redefine the appearance facial volume, and rebalance contrast. Products are formulated with potent melipona enzymatic ingredient, which reinforces skin support. The 2nd step of the LE LIFT PRO protocol, Crème Volume, ... Products are formulated with a potent Melipona enzymatic ingredient, which reinforces skin support. The new LE LIFT PRO protocol: a skincare line that addresses the appearance of the youth triangle, the area located between the top of the cheekbones and ... Its soft, smooth formula provides an immediate plumping effect. Formulated without fragrance for all skin types, even sensitive skin, it can be used between two ...",Success
Channel LE LIFT CRÈME," DESCRIPTION. For the first time, CHANEL Research has created a smoothing and firming cream, highly concentrated in naturally occurring ingredients. LE LIFT Crème is formulated with a new star ingredient: botanical alfalfa concentrate, as efficient as retinol* and in a formula that is gentle on the skin. Each texture adapts perfectly to the skin's needs. The formula combines ultra-sensorial, high-performance ingredients for smoother, firmer, more luminous skin ... DESCRIPTION. A night cream with smoothing and firming properties for the face and neck, designed to erase the stress of the day and boost nighttime repairing ... DESCRIPTION. Formulated like an anti-aging skin care product, LE LIFT La Crème Main preserves youthful-looking hands. Its formula combines the power of ... Highly smoothing and firming skincare: LE LIFT Crème illuminates, LE LIFT Sérum fortifies, and LE LIFT Crème Yeux eye cream diminishes the appearance of dark ...",Success
Channel N°1 DE CHANEL REVITALIZING CREAM," It feels more comfortable and glows with vitality. Concentrated with red camellia extract and red camellia oil, the N°1 DE CHANEL cream contains 95% naturally ... Benefits. This rich, buttery cream is concentrated with red camellia extract and oil and camellia ceramides. Red camellia extract acts on stage N°1 of skin ... It feels more comfortable and glows with vitality. Concentrated with red camellia extract and red camellia oil, the N°1 DE CHANEL cream contains 95% naturally ... Concentrated with red camellia extract and red camellia oil, the N°1 DE CHANEL cream contains 95% naturally derived ingredients (1) and 70% camellia-derived ... Science backed product review of CHANEL - N°1 DE CHANEL REVITALIZING CREAM. Full ingredients analysis. Effectiveness: 100/100. Irritation potential: medium.",Success
Channel HYDRA BEAUTY MICRO SÉRUM," DESCRIPTION. With HYDRA BEAUTY Micro Sérum, CHANEL reinvents hydration. The first serum composed of camellia micro-droplets is based on an exclusive ... Description. With HYDRA BEAUTY Micro Sérum, CHANEL reinvents hydration. The first serum composed of camellia micro-droplets is based on an exclusive patented ... A water-light serum that delivers a revolutionary infusion of hydration; Provides 24 hours of continuous moisturizing benefits; Leaves skin deeply ... Chanel Hydra Beauty Micro Serum Intense Replenishing Hydration 30ml/1oz A groundbreaking highly-hydrating facial serum Features a lightweight watery texture ... With HYDRA BEAUTY Micro Sérum, CHANEL reinvents hydration. The first serum composed of camellia micro-droplets is based on an exclusive patented technology ...",Success
Channel La Mousse Crème Nettoyante Anti-Pollution Cleansing Cream-To-Foam," LA MOUSSE deeply cleanses and purifies the skin. It frees it from impurities, such as pollutants, dust, sweat and excess sebum, while removing traces of makeup. On contact with water, the rich cream texture transforms into a generous, enveloping foam. LA MOUSSE deeply cleanses and purifies the skin. It frees it from impurities, such as pollutants, dust, sweat and excess sebum, while removing traces of ... LA MOUSSE deeply cleanses and purifies the skin. It frees it from impurities, such as pollutants, dust, sweat and excess sebum, while removing traces of makeup. Enriched with camellia water, this lightweight lotion transforms into a fresh foam in just one pump. Composed of 95% naturally derived ingredients, its delicate ... A cleanser with a rich cream texture that transforms into an enveloping foam, refreshing skin and gently removing traces of makeup, sunscreen and pollutants.",Success
Channel SUBLIMAGE LE FLUIDE," DESCRIPTION. SUBLIMAGE Le Fluide is a complete rejuvenating skincare product that hydrates and mattifies the skin. Enriched with polyfractioned Vanilla Planifolia, which provides it with its rejuvenating power, it refines the skin's texture, evens the complexion and offers a soft matte finish. DESCRIPTION. SUBLIMAGE Le Fluide is a complete rejuvenating skincare product that hydrates and mattifies the skin. Enriched with polyfractioned Vanilla ... The action of SUBLIMAGE Le Fluide leaves skin smooth and facial contours firmer. Skin texture is refined and the complexion is even and glowing. Product Description   Sublimage Le Fluide acts on the main factors of a healthy skin: luminosity, firmness and hydration. Skin sublimating fluid! A fluid that ... The action of SUBLIMAGE Le Fluide leaves skin smooth and facial contours firmer. Skin texture is refined and the complexion is even and glowing. SUBLIMAGE Le ...",Success
Channel SUBLIMAGE L'EXTRAIT DE NUIT - L'ÉCRIN," SUBLIMAGE L'EXTRAIT DE NUIT – L'ÉCRIN Ultimate Repair Night Concentrate. More details. Ref. 144878. $1,050. New. Size. 1 FL. OZ. Add to bag. DESCRIPTION. CHANEL has created an ultra-limited-edition case for the iconic SUBLIMAGE L'Extrait de Nuit serum. A collector's piece crafted by Lesage, a Maison ... PRODUCT. CHANEL has created an ultra-limited-edition case for the iconic SUBLIMAGE L'Extrait de Nuit serum. A collector's piece crafted by Lesage, a Maison d' ... DESCRIPTION. CHANEL has created an ultra-limited-edition case for the iconic SUBLIMAGE L'Extrait de Nuit serum. A collector's piece crafted by Lesage, a Maison ... PRODUCT DESCRIPTION: CHANEL has created an ultra-limited-edition case for the iconic SUBLIMAGE L'Extrait de Nuit serum. A collector's piece crafted by ...",Success
Channel BOY DE CHANEL FORTIFYING GEL MOISTURIZER," PRODUCT DESCRIPTION

 An ultra-fresh moisturizing gel with hyaluronic acid and fortifying Costa Rican green coffee extract, specially designed to meet the needs of men's skin. Hyaluronic acid intensely hydrates the skin, instantly plumping it and delivering comfort all day long. PRODUCT DESCRIPTION   An ultra-fresh moisturising gel with hyaluronic acid and fortifying Costa Rican green coffee extract, specially designed to meet the needs ... PRODUCT. A hydrating, non-greasy gel moisturizer for men that leaves skin feeling fresh post-shave* and perfectly preps the complexion for makeup. Boy De Chanel Fortifying Gel Moisturiser contains a 24-hour hydrating formula. It can also be used as an after-shave or a primer before makeup. DESCRIPTION. An ultra-fresh moisturising gel with hyaluronic acid and fortifying Costa Rican green coffee extract, specially designed to meet the needs of men's ...",Success
Channel SUBLIMAGE LA CRÈME TEXTURE SUPRÊME," SUBLIMAGE La Crème Texture Suprême acts on the look of youth parameters, which have been identified by CHANEL Research. Designed for dry skin, this smooth, rich, and enveloping cream addresses hydration, comfort, wrinkles, structure, uniformity, strength, and radiance. Fresh and milky SUBLIMAGE La Lotion. Lightweight and smooth SUBLIMAGE Le Fluide. Soft and silky SUBLIMAGE La Crème. Ultra-sensorial textures, for the ultimate ... Sublimage La Crème Texture Suprême reinforces, revitalizes and perfects the skin, for a truly recovered complexion. A combination of 12 active effects for a ... Item volume. 50 Millilitres. Age range (description). Adult. Skin Care. See more. Product Specifications. Tap to see more details. Manufacturer, Chanel. Item ... What it is: A luxurious cream that helps restore skin's radiant, youthful appearance. Who it's for: Ideal dry skin types. What it does: The ultranourishing ...",Success
Channel SUBLIMAGE LA CRÈME TEXTURE FINE," SUBLIMAGE La Crème Texture Fine acts on the look of youth parameters, which have been identified by CHANEL Research. Ideal for use during the summer or in warm, humid climates, this fresh, lightweight cream addresses hydration, comfort, wrinkles, structure, uniformity, strength, and radiance. DESCRIPTION. SUBLIMAGE La Crème Texture Fine is an exceptional complete skincare product enriched with Vanilla Planifolia. Polyfractioned Vanilla Planifolia is ... Product Information. Description. PRODUCT DESCRIPTION. DESCRIPTION. SUBLIMAGE La Crème Texture Fine is an exceptional complete skincare product enriched with ... The last word in luxury anti-aging treatment: Sublimage La Crème! Exquisitely textured and exceptionally powerful, Chanel Sublimage La Crème intensively ... DESCRIPTION. SUBLIMAGE La Crème Texture Suprême is an exceptional complete skincare product enriched with Vanilla Planifolia. Polyfractioned Vanilla Planifolia ...",Success
Channel SUBLIMAGE L'EXTRAIT DE CRÈME," DESCRIPTION. SUBLIMAGE L'Extrait de Crème unites the power of all the active fractions of Vanilla Planifolia with Swertia extract in an exceptional skincare treatment. This one-of-a-kind combination helps rejuvenate skin and accelerate its natural repair mechanisms. DESCRIPTION. SUBLIMAGE L'Extrait de Crème unites the power of all the active fractions of Vanilla Planifolia with Swertia extract in an exceptional skincare ... DESCRIPTION An exceptional cream that combines every effective element of the Vanilla Planifolia plant with Swertia extract to help rejuvenate the look of ... An exceptional skincare product with addictive sensoriality, concentrating all the active molecules of the life cycle of Vanilla Planifolia. About Product. A pure & powerful regenerating facial cream Features exceptional naturalness & unprecedented concentration The rich, fresh double-emulsion ...",Success
Channel SUBLIMAGE LA CRÈME LUMIÈRE," What it is: An exquisite face cream that helps improve the essential qualities of beautiful skin: firmness, radiance and hydration. Who it's for: All skin types. What it does: With continued use, dark spots appear visibly diminished and skin looks smooth and even, reflecting light like never before. The active jewel of SUBLIMAGE, polyfractioned** Vanilla Planifolia stimulates vital factors to encourage cell renewal essential to beautiful skin: density, ... SUBLIMAGE La Crème comes in a collection of different cream textures, both rich and lightweight, for skin that is toned and luminous. A luxurious face cream that enhances the beauty of the skin by keeping it firm, hydrated and radiant. It is formulated to reduce the appearance of dark spots ... DESCRIPTION. The regenerating power of Vanilla Planifolia combined with the illuminating power of Anthyllis in a sublimely soft and lightweight cream.",Success
